Mutations,ddG,ddS
A14V,0.477,-0.27
T36A,-0.172,-0.268
L52I,0.957,-0.463
K56I,1.112,-0.449
K56E,0.549,-0.399
D60N,0.926,-0.547
K67N,0.356,-0.501
L73P,0.18,-0.324
T93P,-0.361,-0.287
R100C,0.434,-0.334
R100L,1.023,-0.517
F115L,-0.272,-0.417
K128M,0.969,-0.786
K128N,0.369,-0.18
P135L,1.933,-1.464
L138R,0.482,-0.895
L140V,1.051,-0.547
K149N,-0.131,0.33
K151E,0.09,-0.029
K151T,0.34,-0.019
S159Y,0.477,-0.209
P200S,-0.075,-0.586
E215K,0.358,0.172
E215Q,-0.231,0.19
L242F,0.297,-1.103
L242I,0.601,-0.656
L243I,0.588,-0.709
L243P,-0.173,-0.195
S278R,2.196,-1.443
D281Y,1.927,-0.894
D281E,1.985,-0.668
A288V,1.624,-1.386
A288S,1.325,-1.202
I291S,-3.341,0.208
H323D,-1.673,0.076
D340E,-0.002,-0.353
D344G,0.18,-0.575
D344N,0.548,-0.682
T362K,1.673,-1.341
V432I,0.382,-0.559
G450C,0.447,-0.539
G450S,0.201,-0.27
G450D,-0.062,-0.353
A481V,0.742,-0.213
R525C,0.742,-0.458
R525H,0.813,-0.79
K533M,1.053,-0.824
T536I,2.24,-1.116
A542S,1.384,-1.016
A542V,1.027,-1.558
E553K,0.592,-0.538
R595Q,0.923,-0.249
R595W,1.358,-1.123
R608H,0.932,-0.989
K613N,0.294,-0.286
K661Q,0.65,-0.797
E665G,2.105,-0.909
S677G,0.701,-0.213
W679L,0.912,-0.71
W679C,-0.406,0.222
A2T,0.007,-0.113
G5W,0.329,-0.848
D10V,0.253,-0.041
H23Y,1.249,-0.457
V24A,-2.249,0.272
D26G,-0.646,0.496
T32N,0.004,-0.113
K47Q,-0.309,0.144
V49G,-1.397,0.397
H61R,0.075,-0.035
W65G,-2.864,1.477
R69I,-0.091,0.844
K81E,-0.613,0.307
D87H,0.058,0.32
N105K,-0.334,-0.389
K107N,-0.187,0.254
F120L,-0.552,0.566
D125H,0.522,-0.531
T129I,1.635,-0.551
E137K,-0.059,0.059
K154Q,0.056,-0.125
E160K,0.606,0.301
E162G,-0.723,0.103
T172A,-0.116,0.105
G176E,2.136,-1.668
I178M,0.532,-0.082
P191S,0.533,-0.443
D197V,0.535,-0.383
S199R,2.079,-2.514
P203T,-0.318,0.16
T204P,-0.559,0.379
L213V,-0.19,0.06
L221R,-0.875,0.18
S224N,0.919,-0.219
P226L,0.306,-0.731
A234V,0.223,-0.135
Q240H,0.794,-0.894
M260I,0.142,-0.031
E266G,-0.744,0.697
Y277D,-1.52,0.66
A301T,-0.375,-0.205
I307T,-2.613,0.752
C309S,-2.252,0.178
E312A,-0.048,1.293
M316I,-0.675,-0.086
E333Q,-0.024,-0.006
D347G,0.081,0.016
A349T,0.016,-0.043
L350F,0.174,-0.131
L357Q,-0.396,0.174
I365M,-0.807,0.584
K380E,-0.043,0.443
L389P,-0.156,0.041
Q394H,-0.134,0.063
Y395F,-0.492,0.107
T398S,-1.001,0.164
G415D,0.033,-0.019
A418T,1.321,-0.234
E427D,-1.441,0.604
D431N,0.348,0.029
F439C,-1.176,0.637
K442N,-0.968,0.496
P446L,0.647,-0.389
V447F,0.244,-0.213
R457C,-0.523,0.346
E461K,-0.365,0.008
D482Y,0.756,-0.166
S483N,-0.015,-0.039
S484F,1.347,-0.691
L493I,-0.485,0.098
P505S,0.33,-0.281
E510D,-0.398,-0.065
T513M,0.279,-0.193
T514I,0.086,-0.004
Y530C,-0.596,0.385
Q534H,-0.233,0.172
V546A,-1.189,0.428
M549K,0.074,-0.33
M556I,-0.214,0.322
R557K,-0.362,0.16
F558C,-1.121,1.164
Q560P,0.234,-0.027
S564P,0.007,0.469
G569D,0.189,-0.565
I570V,-0.607,-0.113
G580S,0.342,-0.065
K581T,0.082,-0.076
E627Q,0.517,-0.033
D630V,-0.244,0.137
R633Q,-0.141,0.144
F636L,-0.467,0.19
E640K,0.031,-0.012
R659C,-1.78,0.754
D662E,0.568,-0.09
E669K,0.05,0.178
E670V,-0.139,0.029
Y673F,0.216,0.027
