Mutations,ddg,ddS
S14L,0.589,-0.055
R19L,-0.304,0.184
G44E,0.399,-0.289
G44R,0.66,-0.355
K48N,-0.389,0.232
Q52E,-0.233,0.246
Q52H,0.521,-0.082
R55C,-0.363,0.32
Q75H,0.403,-0.139
A89T,0.134,-0.322
R90C,-1.096,0.459
R90H,-0.83,0.197
P95L,0.606,-0.201
R103W,0.544,-0.355
R103Q,-0.349,0.291
R107S,-1.283,0.623
R107H,-0.624,0.053
R108H,-0.594,0.272
R111C,-0.525,0.355
R113C,-0.115,0.379
R113H,0.619,-0.273
F121L,-0.763,0.418
F121V,-1.349,0.979
R129S,-0.719,0.391
P136L,1.559,-0.568
E137D,0.227,0.065
E137K,0.308,-0.709
A176S,-0.039,0.008
R179Q,0.01,0.019
R179L,0.226,0.023
S186L,1.554,-0.781
R200Q,-0.185,-0.06
Q202H,0.521,-0.152
D206N,-0.093,-0.053
L210I,-0.142,0.051
R212C,-0.208,1.299
L219Q,0.858,-0.303
L225I,-0.427,0.188
S232L,2.233,-0.637
S233L,1.673,-0.938
Q239H,0.061,-0.152
Q239E,-0.677,0.094
A246P,0.077,-0.094
R250H,-0.774,0.029
R250C,-1.032,0.364
D258Y,1.585,-0.272
R267Q,-0.358,0.447
R276Q,-1.631,0.355
R276W,0.117,-1.684
A295V,-0.051,-0.287
A296S,-0.906,-0.244
A296T,-0.599,-0.428
S305F,1.677,-1.098
S337L,0.614,0.188
D344V,-0.169,0.031
D344E,0.323,-0.021
R360W,-0.468,0.315
R360Q,-0.446,0.023
R366W,0.573,-0.098
R366Q,0.457,-0.096
G372D,0.149,-0.059
D392G,0.186,-0.029
G396V,0.611,-0.185
G396W,0.771,-0.32
G396R,0.732,-0.176
E434K,0.648,-0.156
E434Q,-0.026,0.012
S468C,0.083,-0.047
S468N,0.626,-0.098
E469K,-0.126,0.029
L474M,-0.923,0.6
R481C,-0.264,0.397
R481H,-0.016,0.016
H490Y,0.1111,0.086
A498V,0.386,-0.375
E499K,0.109,-0.111
R510S,-0.859,0.355
R510H,-0.649,0.203
R513Q,-0.101,0.076
R523W,-0.294,0.225
R523Q,-0.384,0.402
A527V,0.293,-0.986
A527S,-0.219,-0.234
A546S,-0.317,-0.185
E569K,0.652,-0.105
G572C,0.371,-1.051
G572V,1.321,-1.139
R577Q,-0.688,0.244
R580H,-0.464,0.152
R580L,-0.02,0.301
R580C,-0.442,0.592
R580G,-1.599,1.23
V588M,-0.161,-0.348
V619M,-0.203,-0.25
R629Q,-0.74,0.756
R644W,-0.324,-0.582
R644Q,-0.928,0.283
R644L,-0.558,0.438
R646Q,0,0.301
R646W,0.234,-0.881
L658M,-0.699,0.205
G3E,-0.222,-0.744
M4I,-0.472,0.09
T6A,-0.626,0.342
G9E,-0.92,-0.148
Y11C,-0.394,1.363
V20G,-3.147,0.662
E24Q,-0.422,0.217
E25D,-0.636,0.397
D26N,0.871,-0.272
P27L,0.502,-0.121
R35W,0.613,-0.242
T37N,0.174,-0.096
I42V,-1.251,0.328
V45G,-2.117,0.758
L46F,0.838,-0.457
W65R,-1.531,0.795
K69T,-0.112,-0.027
K82N,-0.206,0.492
G84R,-0.345,-0.139
L91I,1.344,-0.316
G94V,1.045,-0.115
V100I,0.232,-0.019
N106S,-0.828,-0.065
A114S,-1.055,-0.025
P119A,-0.312,0.076
L131F,-0.206,-0.33
S132N,0.643,-0.291
A144V,0.979,-0.543
K150N,-0.468,0.18
K151T,-0.216,-0.143
S165I,1.161,-0.545
M181V,-0.736,0.506
H184Y,1.09,-0.619
F185L,-0.374,0.447
A189T,-0.023,-0.115
Q190K,0.271,-0.152
C194W,-0.586,-0.619
H196R,-0.505,0.457
P203L,0.558,-0.19
P205H,0.893,-0.729
K222N,-1.472,0.908
R234L,-0.317,0.09
K242N,-0.124,0.148
G244W,-0.287,-0.342
K252N,0.092,0.26
Y253S,-2.944,0.789
Y254D,-1.886,0.799
P261H,0.158,-0.078
P265T,0.546,-0.353
Q298H,0.138,-0.527
L304V,-1.409,0.129
E309K,0.367,-0.389
D317H,0.56,-0.19
D322V,-0.168,0.018
V332M,-0.166,-0.049
S345I,0.009,0.144
R357Q,-0.126,0.203
R374H,0.119,-0.07
W377C,-1.314,1.623
V379M,-0.04,-0.565
Y387C,0.136,1.06
P395H,1.507,-1.143
D397N,0.288,-0.164
D412N,-0.193,0.154
S416F,0.498,-0.395
S428P,0.055,0.033
P429S,0.396,-0.621
R438Q,-0.147,0.092
G451D,0.156,-0.729
S456F,1.041,-0.615
R459C,-0.373,0.662
G485W,-0.166,-0.408
D495H,0.347,-0.168
A496S,-0.114,-0.084
G500N,-1.382,0.113
V507I,0.033,-0.285
A517S,-0.065,-0.158
H528R,-0.242,0.545
L540V,-0.416,0.328
Q548H,-0.04,-0.045
G554D,0.63,-0.451
Y557C,-1.211,0.637
D568N,-0.245,0.15
A574T,0.999,0.019
N575H,1.141,-0.67
I579M,-0.021,-0.322
D582H,0.338,-0.519
R593H,-0.699,-0.021
R598C,-0.298,0.867
Q599R,-0.182,0.355
N601Y,0.564,-0.191
Q608P,0.121,-0.193
E612Q,0.195,0.025
V631I,0.284,-0.168
G636W,-0.503,-2.625
G637V,1.269,-1.162
S642W,0.65,-0.738
T643M,0.714,-0.307
R648H,-0.026,-0.135
G649E,-0.075,-0.213
D655N,0.354,-0.043
A666S,0.374,-0.201
